Frequency (Hz);Trace 1: Impedance: Real (Ω);Trace 1: Impedance: Imaginary (Ω);Trace 1: Impedance: Real (Ω)
100;1.17190120383514;0.58940086201669;1.17190120383514
101.653822;1.17433147689718;0.597964770485014;1.17433147689718
103.334996;1.17682247037221;0.606736422744374;1.17682247037221
105.043973;1.17957965962633;0.61540895685353;1.17957965962633
106.781213;1.18234696928542;0.624304285471129;1.18234696928542
108.547184;1.18460938970192;0.633332055748806;1.18460938970192
110.342362;1.18795977631331;0.642160270374382;1.18795977631331
112.167228;1.19042310355833;0.651925369094398;1.19042310355833
114.022275;1.19320785511694;0.660738498673018;1.19320785511694
115.908;1.19625376123939;0.669870197915903;1.19625376123939
117.824912;1.19947819484811;0.679944029873725;1.19947819484811
119.773527;1.20249411145582;0.689572459461517;1.20249411145582
121.754368;1.20547548022431;0.698936326614469;1.20547548022431
123.767968;1.20856659787558;0.709024476382937;1.20856659787558
125.814871;1.21154263666661;0.719228909098423;1.21154263666661
127.895625;1.21496220522576;0.729472848856771;1.21496220522576
130.010791;1.2182540610202;0.739379462873895;1.2182540610202
132.160938;1.22161467430861;0.749877530737783;1.22161467430861
134.346645;1.2252931884042;0.760556470448726;1.2252931884042
136.568499;1.22833303229431;0.771144498554395;1.22833303229431
138.8271;1.23204240438956;0.781532950643658;1.23204240438956
141.123053;1.2355388304517;0.792691478213;1.2355388304517
143.456977;1.23964627747374;0.803898328988516;1.23964627747374
145.8295;1.24297951457306;0.81495569574539;1.24297951457306
148.241261;1.24686114298637;0.826298432401868;1.24686114298637
150.692908;1.25084306842614;0.837555413653577;1.25084306842614
153.1851;1.25427790981702;0.848854555436102;1.25427790981702
155.718509;1.25831735127621;0.86081132368556;1.25831735127621
158.293816;1.26258576293029;0.872492590153792;1.26258576293029
160.911715;1.26647910913976;0.884439331304852;1.26647910913976
163.572908;1.27092021776314;0.896674485177689;1.27092021776314
166.278113;1.27498378932913;0.909332471854913;1.27498378932913
169.028057;1.27914077827379;0.921257415863767;1.27914077827379
171.823481;1.2836467341902;0.933856005230714;1.2836467341902
174.665136;1.28811454428001;0.946639150973647;1.28811454428001
177.553786;1.29226934449508;0.959388913757182;1.29226934449508
180.49021;1.29693904920073;0.972550629259564;1.29693904920073
183.475197;1.30143514603764;0.985514526999039;1.30143514603764
186.50955;1.30594648008955;0.99875901472778;1.30594648008955
189.594087;1.31083353715375;1.01251516515965;1.31083353715375
192.729636;1.31562826673838;1.02612382445841;1.31562826673838
195.917041;1.32060362785796;1.04003186353329;1.32060362785796
199.15716;1.32547882460842;1.05381965339073;1.32547882460842
202.450865;1.33043758300316;1.06801439787697;1.33043758300316
205.799043;1.33561947712805;1.08202062615283;1.33561947712805
209.202593;1.34054323391277;1.09673867091889;1.34054323391277
212.662432;1.3454855280967;1.11141147900116;1.3454855280967
216.17949;1.350824933437;1.1260515451747;1.350824933437
219.754714;1.35604592220484;1.14099308675549;1.35604592220484
223.389066;1.36151130430603;1.1564073930094;1.36151130430603
227.083524;1.36708254250812;1.17177406345766;1.36708254250812
230.839082;1.37246589021878;1.18749088404151;1.37246589021878
234.656749;1.37811804563367;1.20327561799467;1.37811804563367
238.537555;1.38356237676424;1.21916991791816;1.38356237676424
242.482541;1.38929490074017;1.23517892313262;1.38929490074017
246.492771;1.39495243316122;1.25166373259406;1.39495243316122
250.569323;1.40083572840305;1.26838360316109;1.40083572840305
254.713294;1.40705087560803;1.28499788517222;1.40705087560803
258.925799;1.41291997603922;1.30216353649016;1.41291997603922
263.207971;1.41875448695579;1.31903174001005;1.41875448695579
267.560963;1.42526309363935;1.33676172863835;1.42526309363935
271.985945;1.43142293905125;1.35412224179731;1.43142293905125
276.484109;1.4379324950626;1.37205018512835;1.4379324950626
281.056664;1.44392348859493;1.38992649376957;1.44392348859493
285.704842;1.45055205303972;1.40863201865094;1.45055205303972
290.429892;1.45721022114253;1.42692648257496;1.45721022114253
295.233085;1.46384541478643;1.44587992586377;1.46384541478643
300.115716;1.47063518419349;1.4648365935089;1.47063518419349
305.079096;1.47764259409138;1.48371005252587;1.47764259409138
310.124561;1.48449148419238;1.50354871285486;1.48449148419238
315.25347;1.49126017408774;1.52314514307019;1.49126017408774
320.467202;1.49825965316665;1.54342835532877;1.49825965316665
325.767159;1.50551059669936;1.56360533301258;1.50551059669936
331.154768;1.5122612246184;1.58433018868463;1.5122612246184
336.631479;1.51989091729098;1.60497731329374;1.51989091729098
342.198765;1.52716834085165;1.62620497125358;1.52716834085165
347.858124;1.53478239379203;1.64765953335482;1.53478239379203
353.611079;1.5423711346329;1.66933917379543;1.5423711346329
359.459177;1.5502140179936;1.69102485012145;1.5502140179936
365.403992;1.55801985840287;1.71327722564425;1.55801985840287
371.447124;1.56599860349128;1.73592778694473;1.56599860349128
377.590199;1.57375932227528;1.75890503141812;1.57375932227528
383.834869;1.58199977594577;1.78171113700575;1.58199977594577
390.182815;1.59005213574151;1.80521479365847;1.59005213574151
396.635745;1.59858861150087;1.82868023867826;1.59858861150087
403.195395;1.60729641154417;1.85318069623358;1.60729641154417
409.863529;1.61549777312881;1.87737736661821;1.61549777312881
416.641943;1.62457452218444;1.9019699952366;1.62457452218444
423.53246;1.63326820453513;1.92700240211839;1.63326820453513
430.536933;1.64235291669842;1.95254467544075;1.64235291669842
437.657248;1.65178117316974;1.97824765316993;1.65178117316974
444.895321;1.66097870763826;2.00462816914838;1.66097870763826
452.253098;1.67033921828789;2.03057140784945;1.67033921828789
459.73256;1.67983576082395;2.05722893789628;1.67983576082395
467.335719;1.68953550949774;2.08440904945565;1.68953550949774
475.06462;1.69965162518849;2.11155189079674;1.69965162518849
482.921344;1.7096140888569;2.13980592692398;1.7096140888569
490.908004;1.719704608997;2.16761865416716;1.719704608997
499.026749;1.73032510980023;2.19612731902672;1.73032510980023
507.279764;1.74073234102093;2.22470399890807;1.74073234102093
515.669269;1.75160284864484;2.25342566782262;1.75160284864484
524.197521;1.76292631988567;2.28329416194053;1.76292631988567
532.866816;1.77413514338228;2.31258333610991;1.77413514338228
541.679485;1.78593041462142;2.34303540327058;1.78593041462142
550.6379;1.79721339397257;2.37286382545179;1.79721339397257
559.744472;1.80907994141377;2.40388632629116;1.80907994141377
569.00165;1.8208635327588;2.43467267664524;1.8208635327588
578.411925;1.83334467265751;2.46550900386441;1.83334467265751
587.977829;1.84509667510341;2.49591385790464;1.84509667510341
597.701937;1.85732260399112;2.52808957559378;1.85732260399112
607.586864;1.86961622745721;2.55986771634944;1.86961622745721
617.63527;1.88174336853189;2.59153321009846;1.88174336853189
627.849858;1.89331330466469;2.62410577718261;1.89331330466469
638.233378;1.90539029780797;2.65673222593535;1.90539029780797
648.788623;1.9175809218814;2.68994560113519;1.9175809218814
659.518433;1.92872078805934;2.72357052396496;1.92872078805934
670.425695;1.94055690642924;2.75827522747058;1.94055690642924
681.513343;1.95227436679071;2.79337678384924;1.95227436679071
692.784362;1.96359869785295;2.82888203041307;1.96359869785295
704.241783;1.97539471914679;2.86618447025185;1.97539471914679
715.888689;1.98770109185819;2.90336863039761;1.98770109185819
727.728215;2.00023118730545;2.94117597010502;2.00023118730545
739.763545;2.01257928170915;2.98009286474134;2.01257928170915
751.997918;2.02462359354542;3.01895012165076;2.02462359354542
764.434626;2.03788801511947;3.05837257179898;2.03788801511947
777.077015;2.050693763635;3.09988526215074;2.050693763635
789.928486;2.06460339151838;3.14069092908899;2.06460339151838
802.992499;2.07828017276066;3.18255797547576;2.07828017276066
816.272566;2.09219781939109;3.22433265282837;2.09219781939109
829.772262;2.10590633828543;3.26754926687101;2.10590633828543
843.49522;2.12120671203749;3.31059881726957;2.12120671203749
857.44513;2.13674955200309;3.35558254721215;2.13674955200309
871.625748;2.15189944756945;3.39981843850651;2.15189944756945
886.040887;2.16677901183271;3.445074496043;2.16677901183271
900.694427;2.18407440036206;3.49125309438234;2.18407440036206
915.590311;2.20028284469033;3.53663635372463;2.20028284469033
930.732546;2.21553480259855;3.58276645560614;2.21553480259855
946.125207;2.2323117353468;3.63130179341345;2.2323117353468
961.772435;2.24876979667678;3.67900903559017;2.24876979667678
977.67844;2.26668924843448;3.72725072241551;2.26668924843448
993.847503;2.28355482262885;3.77649130444219;2.28355482262885
1010.283973;2.3007447443385;3.8268603848402;2.3007447443385
1026.992272;2.31900193765993;3.87760883549171;2.31900193765993
1043.976898;2.33745820586184;3.92844272957189;2.33745820586184
1061.242419;2.35575602047857;3.98037138647423;2.35575602047857
1078.793481;2.37457543406696;4.03283629832645;2.37457543406696
1096.634806;2.39400962122071;4.08569410392759;2.39400962122071
1114.771195;2.41391476714636;4.13886478731455;2.41391476714636
1133.207528;2.43260714401688;4.19362756602871;2.43260714401688
1151.948765;2.45336509386807;4.24816659807532;2.45336509386807
1170.999948;2.47337103740943;4.30402838210386;2.47337103740943
1190.366204;2.49333471176686;4.36077907493753;2.49333471176686
1210.052744;2.51383809411939;4.41781098306519;2.51383809411939
1230.064864;2.53467584647982;4.47535638688701;2.53467584647982
1250.407949;2.55545968171529;4.53461423099673;2.55545968171529
1271.087472;2.57759923339072;4.59383896762672;2.57759923339072
1292.108998;2.5994079697269;4.65378461253683;2.5994079697269
1313.478183;2.62190391643336;4.71495878707322;2.62190391643336
1335.200775;2.64450695540908;4.77660403533;2.64450695540908
1357.282621;2.66742014874475;4.83917012908067;2.66742014874475
1379.729661;2.69083924989619;4.90261924885449;2.69083924989619
1402.547936;2.71468469928302;4.96660028617516;2.71468469928302
1425.743584;2.73876723398963;5.03149596501991;2.73876723398963
1449.322847;2.76278044373341;5.09697770275509;2.76278044373341
1473.292069;2.78792761168905;5.16334640776403;2.78792761168905
1497.657699;2.81304475968915;5.2299838942217;2.81304475968915
1522.426293;2.83743289851203;5.29837483140234;2.83743289851203
1547.604516;2.86330979325527;5.36716213829733;2.86330979325527
1573.199142;2.88989627470054;5.43697383103036;2.88989627470054
1599.217058;2.91571087420915;5.50731100121175;2.91571087420915
1625.665263;2.94208361218226;5.57937962834949;2.94208361218226
1652.550875;2.96931439741892;5.65189622046932;2.96931439741892
1679.881127;2.9972368124188;5.72528405192976;2.9972368124188
1707.663373;3.0248902267805;5.79988406615069;3.0248902267805
1735.905087;3.05312588959873;5.87506573820576;3.05312588959873
1764.61387;3.08151160183131;5.95162260529359;3.08151160183131
1793.797444;3.11070987998641;6.02805661913463;3.11070987998641
1823.463663;3.14069628327498;6.10656080524085;3.14069628327498
1853.620509;3.16994304229246;6.18556529629888;3.16994304229246
1884.276095;3.2002950240819;6.26607027408209;3.2002950240819
1915.43867;3.23070386738412;6.34658566088378;3.23070386738412
1947.116619;3.26205473761662;6.42836838383402;3.26205473761662
1979.318464;3.29352369084851;6.51161971968009;3.29352369084851
2012.052871;3.32537280570206;6.59601708074997;3.32537280570206
2045.328646;3.3574545418181;6.68109959954352;3.3574545418181
2079.154744;3.39092418808266;6.76730759693671;3.39092418808266
2113.540265;3.42376842487324;6.85373488976725;3.42376842487324
2148.494462;3.45677120767284;6.94289846381495;3.45677120767284
2184.026738;3.49149687802183;7.03211808541852;3.49149687802183
2220.146656;3.5257812471232;7.12250499276071;3.5257812471232
2256.863933;3.56067925081209;7.21439223195713;3.56067925081209
2294.188448;3.59629741480631;7.30766423917562;3.59629741480631
2332.130244;3.63255601000947;7.4014152230273;3.63255601000947
2370.69953;3.66868474872927;7.49665858671045;3.66868474872927
2409.906683;3.70592545038166;7.59265614228666;3.70592545038166
2449.762253;3.74326681882149;7.69041461537508;3.74326681882149
2490.276963;3.7804575699779;7.78950188987085;3.7804575699779
2531.461715;3.81940816904445;7.88955619588481;3.81940816904445
2573.327588;3.85886417113246;7.99124103507963;3.85886417113246
2615.88585;3.8976126925868;8.09364675638112;3.8976126925868
2659.147948;3.93814550094222;8.19761461887619;3.93814550094222
2703.125526;3.97848795327099;8.30268019405063;3.97848795327099
2747.830414;4.01999210187551;8.40855270689188;4.01999210187551
2793.274641;4.06115947561182;8.51602050789223;4.06115947561182
2839.470435;4.10293290778855;8.62625570524411;4.10293290778855
2886.430225;4.146388744661;8.73668442409122;4.146388744661
2934.166647;4.18924858909089;8.84823516326753;4.18924858909089
2982.692544;4.23316649838271;8.96079120170746;4.23316649838271
3032.020973;4.27518948021238;9.06665143484684;4.27518948021238
3082.165207;4.31980975641374;9.18272065479071;4.31980975641374
3133.138737;4.36360455885484;9.30096761135895;4.36360455885484
3184.955279;4.41014770942621;9.41988256555433;4.41014770942621
3237.628774;4.4573270420518;9.54070499682275;4.4573270420518
3291.173395;4.50419158336444;9.66181026180492;4.50419158336444
3345.603549;4.55282323246198;9.78543632547903;4.55282323246198
3400.933881;4.6009103283015;9.91143993748271;4.6009103283015
3457.179278;4.65058929994436;10.0388583939942;4.65058929994436
3514.354873;4.69925010179408;10.1660556774646;4.69925010179408
3572.476052;4.74946037870158;10.295716584651;4.74946037870158
3631.558451;4.80072430112034;10.4271372855227;4.80072430112034
3691.617968;4.85328680036613;10.5604050737802;4.85328680036613
3752.670763;4.90473362298631;10.6953504320125;4.90473362298631
3814.733263;4.95727047239504;10.8325447122176;4.95727047239504
3877.822165;5.0103688370812;10.9725538259857;5.0103688370812
3941.954446;5.06593405099255;11.1104955625316;5.06593405099255
4007.147361;5.12057198524779;11.2523135516496;5.12057198524779
4073.418451;5.17581539214488;11.395607491239;5.17581539214488
4140.785546;5.23266746913423;11.5417792681376;5.23266746913423
4209.266774;5.28932564450415;11.6894886296243;5.28932564450415
4278.880559;5.34721280889767;11.8390445156247;5.34721280889767
4349.645633;5.40519119099269;11.9896526096623;5.40519119099269
4421.581034;5.46548661666773;12.1430879004718;5.46548661666773
4494.70612;5.52631541534457;12.2989791346372;5.52631541534457
4569.040564;5.58643971601589;12.4550880749876;5.58643971601589
4644.604368;5.64951083539757;12.6144866417206;5.64951083539757
4721.417863;5.71029672298013;12.7751202140544;5.71029672298013
4799.501716;5.77378721057514;12.9386395913945;5.77378721057514
4878.876937;5.83783328597889;13.1046803410463;5.83783328597889
4959.564883;5.90463714626664;13.2723945685655;5.90463714626664
5041.587265;5.96765164055031;13.4410820752577;5.96765164055031
5124.966151;6.03535686139452;13.612536157694;6.03535686139452
5209.723975;6.1027249498232;13.7857537284349;6.1027249498232
5295.883542;6.16958663633139;13.9614862529373;6.16958663633139
5383.468036;6.24023097237469;14.1402195201871;6.24023097237469
5472.501022;6.31079522970365;14.3211679305764;6.31079522970365
5563.006454;6.38222371011084;14.5031871252436;6.38222371011084
5655.008686;6.45321171831482;14.6896983001702;6.45321171831482
5748.532471;6.52746298641166;14.8760230172083;6.52746298641166
5843.602973;6.6013761020041;15.0658840427965;6.6013761020041
5940.245772;6.67570384765677;15.2599246869802;6.67570384765677
6038.486871;6.75303401614765;15.4537499729617;6.75303401614765
6138.352702;6.82985540101321;15.6512247906218;6.82985540101321
6239.870138;6.90703252115733;15.8513828785486;6.90703252115733
6343.066491;6.9863618208592;16.0541755796688;6.9863618208592
6447.969528;7.06688623747504;16.2585444108234;7.06688623747504
6554.607474;7.14792577016207;16.4665675340615;7.14792577016207
6663.009023;7.22993745653914;16.6768801635264;7.22993745653914
6773.20334;7.31294099095634;16.8907125047336;7.31294099095634
6885.220076;7.39755299407723;17.1058589391085;7.39755299407723
6999.089369;7.48300604335445;17.325149032894;7.48300604335445
7114.841858;7.57019674513622;17.546237837188;7.57019674513622
7232.508686;7.65658889417493;17.7713029723631;7.65658889417493
7352.121515;7.74631786184155;17.9990743374711;7.74631786184155
7473.712528;7.83571012724097;18.2284833890407;7.83571012724097
7597.314439;7.92749243015821;18.4615577885881;7.92749243015821
7722.960506;8.0214804963606;18.6975215927457;8.0214804963606
7850.684536;8.11396696243263;18.9384870549185;8.11396696243263
7980.520894;8.20992097256321;19.1801596883294;8.20992097256321
8112.504514;8.30674969420809;19.4267776504124;8.30674969420809
8246.670908;8.40422872573277;19.6746973250692;8.40422872573277
8383.056177;8.50514977407048;19.9280736393033;8.50514977407048
8521.697014;8.60472718726861;20.1831545621587;8.60472718726861
8662.630725;8.7070878432862;20.4434541112981;8.7070878432862
8805.895229;8.8094870098114;20.7051364993402;8.8094870098114
8951.529072;8.91592176432734;20.9728412897641;8.91592176432734
9099.571441;9.02105476174439;21.2412390948366;9.02105476174439
9250.062167;9.13026871812848;21.5144217395509;9.13026871812848
9403.041741;9.24045947027468;21.7912043977344;9.24045947027468
9558.551326;9.35127465006164;22.073940587941;9.35127465006164
9716.632763;9.46499183202732;22.3565839790447;9.46499183202732
9877.328585;9.58047944850476;22.6453054043015;9.58047944850476
10040.682031;9.69583541518716;22.9361204394465;9.69583541518716
10206.737052;9.81597788951712;23.2312854779739;9.81597788951712
10375.538328;9.94070072459452;23.5256006595219;9.94070072459452
10547.131276;10.056058341995;23.8257204236179;10.056058341995
10721.562067;10.1765107747266;24.1331002969638;10.1765107747266
10898.877632;10.2996628820935;24.4437710646965;10.2996628820935
11079.125682;10.4238040649861;24.7589679890974;10.4238040649861
11262.354714;10.5528379476294;25.0782924912962;10.5528379476294
11448.614028;10.6810179299872;25.4034329820868;10.6810179299872
11637.95374;10.8132535306101;25.7300307712062;10.8132535306101
11830.424794;10.9461597392055;26.0639380879695;10.9461597392055
12026.078977;11.082064575432;26.399635883742;11.082064575432
12224.968932;11.2194123366076;26.7426160631514;11.2194123366076
12427.148173;11.3600001407346;27.0878365908911;11.3600001407346
12632.671099;11.5019695885469;27.4393830425858;11.5019695885469
12841.593008;11.6461061135513;27.7943150568968;11.6461061135513
13053.970115;11.7928004784255;28.1542045960605;11.7928004784255
13269.859561;11.9406209181157;28.5183804665316;11.9406209181157
13489.319434;12.0913648056487;28.8893907278522;12.0913648056487
13712.408784;12.2441166690059;29.2651919798217;12.2441166690059
13939.187634;12.4023778392513;29.6437024317151;12.4023778392513
14169.717003;12.5620820884869;30.0294761423451;12.5620820884869
14404.058918;12.7207172175156;30.4205265592003;12.7207172175156
14642.276432;12.8826326919641;30.8169929920005;12.8826326919641
14884.433639;13.0491668466315;31.2162231513532;13.0491668466315
15130.595696;13.2167731408659;31.6217654607321;13.2167731408659
15380.828835;13.3878936776843;32.0334553977651;13.3878936776843
15635.200386;13.5605835911113;32.4523468682935;13.5605835911113
15893.778789;13.7368316974986;32.8747453375838;13.7368316974986
16156.633619;13.9160305892733;33.3036096787617;13.9160305892733
16423.835601;14.0955866766894;33.7392049671809;14.0955866766894
16695.456628;14.2813363593559;34.1816735315378;14.2813363593559
16971.569784;14.4688769294614;34.6273461380332;14.4688769294614
17252.24936;14.6595085056515;35.0813737232435;14.6595085056515
17537.570877;14.8537523608084;35.5406973074902;14.8537523608084
17827.611104;15.0493988277377;36.0084406969515;15.0493988277377
18122.448081;15.2502154407393;36.4819148366163;15.2502154407393
18422.161137;15.4536621161305;36.960583305933;15.4536621161305
18726.830914;15.6598981371605;37.4483463165473;15.6598981371605
19036.539387;15.8686070293946;37.940694389784;15.8686070293946
19351.369887;16.0858602622662;38.4400501271944;16.0858602622662
19671.407124;16.300272786139;38.9484208013508;16.300272786139
19996.737208;16.5218772686581;39.4623073645458;16.5218772686581
20327.447672;16.7483462146385;39.9862694713051;16.7483462146385
20663.627499;16.9787603358366;40.5154504280276;16.9787603358366
21005.367143;17.2122197904969;41.0499643196436;17.2122197904969
21352.758552;17.4515192886685;41.5969814313581;17.4515192886685
21705.895198;17.6904973134754;42.1495231053441;17.6904973134754
22064.872095;17.9369524185641;42.7085101373917;17.9369524185641
22429.785832;18.1891635284772;43.2785576018298;18.1891635284772
22800.734592;18.4459279982309;43.8568549934518;18.4459279982309
23177.818186;18.7039016289334;44.4416663740759;18.7039016289334
23561.138071;18.9674273263299;45.0367167484252;18.9674273263299
23950.797386;19.2391581941316;45.6410165096653;19.2391581941316
24346.900972;19.5118000627097;46.2543487514473;19.5118000627097
24749.555407;19.7923917713052;46.8778065961437;19.7923917713052
25158.869031;20.0780346017943;47.5067876384418;20.0780346017943
25574.951973;20.369817840728;48.1501252811562;20.369817840728
25997.916188;20.6672386631058;48.8004248727409;20.6672386631058
26427.875478;20.9675712034478;49.4623736072925;20.9675712034478
26864.94553;21.2804780299811;50.1329064868018;21.2804780299811
27309.243943;21.5919575469781;50.8177489254929;21.5919575469781
27760.890262;21.9130441533502;51.507431117687;21.9130441533502
28220.006007;22.2443762053583;52.2127174928735;22.2443762053583
28686.71471;22.5765603398981;52.9218272065952;22.5765603398981
29161.141945;22.9217664302983;53.6512188687027;22.9217664302983
29643.415363;23.2687856062318;54.3914426282986;23.2687856062318
30133.664725;23.6271991710591;55.1361499920021;23.6271991710591
30632.021939;23.9904761822062;55.8998522498608;23.9904761822062
31138.621096;24.3605877296186;56.6741524746237;24.3605877296186
31653.598501;24.7418117532926;57.4623264804142;24.7418117532926
32177.092717;25.1316713938478;58.2608825344564;25.1316713938478
32709.244595;25.5313892540674;59.0762291819522;25.5313892540674
33250.19732;25.938893646815;59.9020382134422;25.938893646815
33800.09644;26.3564942285123;60.7459683477226;26.3564942285123
34359.089913;26.7871794036294;61.6010058614221;26.7871794036294
34927.328144;27.2197144798436;62.467945078393;27.2197144798436
35504.964025;27.6711803508416;63.355654507933;27.6711803508416
36092.152976;28.1275960668546;64.2531245084408;28.1275960668546
36689.052987;28.6002503518129;65.1724686666477;28.6002503518129
37295.824663;29.0803152432212;66.1027535034363;29.0803152432212
37912.631263;29.5777040144477;67.0533829656921;29.5777040144477
38539.638748;30.0850691128468;68.0171599039944;30.0850691128468
39177.01582;30.6050650315223;69.0012143821918;30.6050650315223
39824.933976;31.1419573873519;70.0002781287396;31.1419573873519
40483.567546;31.6898761346454;71.0211804801985;31.6898761346454
41153.093743;32.2524293368231;72.0587853647751;32.2524293368231
41833.692713;32.8329035496511;73.1180864577028;32.8329035496511
42525.547579;33.4290163723467;74.1906254582666;33.4290163723467
43228.844494;34.0436626158863;75.2900534681243;34.0436626158863
43943.772689;34.6700972663008;76.4046348427312;34.6700972663008
44670.524524;35.3237645178045;77.5432679045364;35.3237645178045
45409.295542;35.9876571293868;78.7040463508592;35.9876571293868
46160.284519;36.6769380175731;79.8896404066704;36.6769380175731
46923.693518;37.3907733623162;81.094836847738;37.3907733623162
47699.727943;38.1238490735491;82.3294039914412;38.1238490735491
48488.596598;38.8733865700668;83.5827617251954;38.8733865700668
49290.511737;39.6522233218064;84.8652810307646;39.6522233218064
50105.689126;40.4527020396338;86.1652070779196;40.4527020396338
50934.348099;41.2853299459601;87.5049877844352;41.2853299459601
51776.711617;42.152798833893;88.869088193962;42.152798833893
52633.00633;43.0362867827576;90.2597545218522;43.0362867827576
53503.462634;43.9539391507408;91.6758307482527;43.9539391507408
54388.314737;44.9020964163504;93.1273435279606;44.9020964163504
55287.80072;45.8982791249465;94.6073329571124;45.8982791249465
56202.162601;46.9176299006558;96.1230851569463;46.9176299006558
57131.646401;47.9690207714895;97.6723765821145;47.9690207714895
58076.50221;49.0685555373995;99.2505509938674;49.0685555373995
59036.984253;50.204281323049;100.873083510165;50.204281323049
60013.350961;51.3960427026457;102.521394594148;51.3960427026457
61005.865038;52.6220571358519;104.202959031036;52.6220571358519
62014.793532;53.892985522563;105.935598650351;53.892985522563
63040.407908;55.2354813500239;107.711833351807;55.2354813500239
64082.984122;56.616441673321;109.51496557877;56.616441673321
65142.802693;58.059928030742;111.377410823446;58.059928030742
66220.148777;59.5554579275535;113.264720322608;59.5554579275535
67315.312249;61.1380586913795;115.209288586539;61.1380586913795
68428.587777;62.7780635079818;117.207749386117;62.7780635079818
69560.274902;64.5061634260359;119.234640382568;64.5061634260359
70710.678119;66.28839267722;121.330089962267;66.28839267722
71880.106959;68.1788983353772;123.464775647826;68.1788983353772
73068.876071;70.1472729288446;125.650164784643;70.1472729288446
74277.305311;72.2151781643724;127.893033270354;72.2151781643724
75505.71982;74.4010971825526;130.184700885631;74.4010971825526
76754.450121;76.6777298584655;132.536338873374;76.6777298584655
78023.832199;79.0633601156513;134.937702759749;79.0633601156513
79314.2076;81.597631630097;137.411417370791;81.597631630097
80625.923514;84.2489232247628;139.935047809249;84.2489232247628
81959.332876;87.063136425017;142.508400860185;87.063136425017
83314.794457;90.0148198940677;145.160867334999;90.0148198940677
84692.672961;93.1373619896102;147.851756446531;93.1373619896102
86093.339126;96.4323739308758;150.623873786012;96.4323739308758
87517.169817;99.9442709307359;153.43951414842;99.9442709307359
88964.548135;103.658313631452;156.329552702867;103.658313631452
90435.863516;107.588592168812;159.246914734032;107.588592168812
91931.511836;111.78600752823;162.227446020873;111.78600752823
93451.895519;116.203776723044;165.288276827704;116.203776723044
94997.423644;120.930464830903;168.33513708101;120.930464830903
96568.512055;125.985839150635;171.448757299458;125.985839150635
98165.583474;131.368181932887;174.606943110807;131.368181932887
99789.067613;137.110503526753;177.780895694501;137.110503526753
101439.401293;143.24682548629;180.909119090628;143.24682548629
103117.028555;149.823773337518;184.062764644487;149.823773337518
104822.400789;156.851017242911;187.174536477255;156.851017242911
106555.976846;164.384049109413;190.227997156311;164.384049109413
108318.223167;172.459460237266;193.172829887791;172.459460237266
110109.613908;181.149303926306;195.990434853978;181.149303926306
111930.631065;190.47919628014;198.634140407503;190.47919628014
113781.764607;200.490859207735;201.014288485878;200.490859207735
115663.512605;211.193089638667;203.10767550797;211.193089638667
117576.381368;222.792265022686;204.776265854681;222.792265022686
119520.885577;235.138630829902;205.982136212245;235.138630829902
121497.548428;248.408262056059;206.535798057703;248.408262056059
123506.901766;262.584337112869;206.351573939285;262.584337112869
125549.486234;277.69397698862;205.285811955848;277.69397698862
127625.851416;293.775270286486;203.139008052924;293.775270286486
129736.555984;310.779439892747;199.57746522808;310.779439892747
131882.167852;328.563077996872;194.504291728112;328.563077996872
134063.264324;347.276410437731;187.575309392686;347.276410437731
136280.432252;366.428469223082;178.490877792144;366.428469223082
138534.268193;386.069269569947;167.065943135792;386.069269569947
140825.378572;405.593579063596;152.889185314415;405.593579063596
143154.379841;424.842554566764;135.786064358586;424.842554566764
145521.898649;443.079123993025;115.601151130167;443.079123993025
147928.572006;459.770227047381;92.4084565223803;459.770227047381
150375.04746;474.217293529564;65.9687524613732;474.217293529564
152861.983267;485.797526207423;36.9390328883231;485.797526207423
155390.048568;493.738814204683;5.58839638715778;493.738814204683
157959.923572;497.409214085647;-27.4909613851893;497.409214085647
160572.299738;496.658913535278;-61.3345890053791;496.658913535278
163227.879958;491.194599802999;-94.9952364708098;491.194599802999
165927.378752;480.970407178547;-127.462233321789;480.970407178547
168671.522455;466.695988593443;-157.931511823463;466.695988593443
171461.049413;448.869380321319;-185.645630790956;448.869380321319
174296.710185;427.956155455275;-210.108133226595;427.956155455275
177179.267742;405.040781140374;-230.754751891918;405.040781140374
180109.497674;380.72904136213;-247.780959767804;380.72904136213
183088.188397;355.90532938304;-261.146684787324;355.90532938304
186116.141366;331.071533377086;-271.148164635164;331.071533377086
189194.171291;306.795190640372;-278.024046186125;306.795190640372
192323.106356;283.408508830277;-282.135857252015;283.408508830277
195503.788442;261.305502951712;-284.048742840345;261.305502951712
198737.073352;240.447991727453;-283.937061798402;240.447991727453
202023.831042;220.97474999165;-282.265082309024;220.97474999165
205364.945859;202.937009302901;-279.24889894478;202.937009302901
208761.316772;186.431041420495;-275.38292670977;186.431041420495
212213.857619;171.121776236099;-270.62714615118;171.121776236099
215723.49735;157.234318364361;-265.273580149431;157.234318364361
219291.180279;144.570672140925;-259.53777376773;144.570672140925
222917.866338;133.001054398148;-253.555548566726;133.001054398148
226604.531334;122.504159587497;-247.387512447529;122.504159587497
230352.16721;112.918830775687;-241.17078586569;112.918830775687
234161.782319;104.243903819974;-234.937834267358;104.243903819974
238034.401684;96.3024661683437;-228.767264662795;96.3024661683437
241971.067286;89.0681286393923;-222.637156133113;89.0681286393923
245972.838334;82.4648670976497;-216.612761237765;82.4648670976497
250040.791558;76.4304063776102;-210.73741482272;76.4304063776102
254176.021492;70.9368123131876;-204.993214094362;70.9368123131876
258379.640773;65.8769295399075;-199.387377136135;65.8769295399075
262652.78044;61.2318568952864;-193.945535637816;61.2318568952864
266996.590237;57.0164879708155;-188.653571961925;57.0164879708155
271412.238921;53.1305877821218;-183.560786564448;53.1305877821218
275900.91458;49.5731592274952;-178.594709649736;49.5731592274952
280463.82495;46.2858149957608;-173.806227964665;46.2858149957608
285102.197741;43.2641318223411;-169.170776273907;43.2641318223411
289817.280968;40.476995017958;-164.714580924229;40.476995017958
294610.343285;37.8988427169065;-160.390153618043;37.8988427169065
299482.674326;35.517312881177;-156.203441445622;35.517312881177
304435.585057;33.318222466559;-152.162425263956;33.318222466559
309470.408121;31.2817752988716;-148.265422196208;31.2817752988716
314588.498203;29.4140389072404;-144.483607515812;29.4140389072404
319791.232391;27.6426447732756;-140.858080900602;27.6426447732756
325080.010548;26.0312477390245;-137.327329774324;26.0312477390245
330456.255688;24.5093358760579;-133.939978963168;24.5093358760579
335921.41436;23.1014330755753;-130.648493361487;23.1014330755753
341476.957036;21.7941592623433;-127.467459791865;21.7941592623433
347124.378505;20.5708245943482;-124.394121672071;20.5708245943482
352865.19828;19.4315463214189;-121.417609157805;19.4315463214189
358700.961003;18.3781697427483;-118.531152854496;18.3781697427483
364633.236861;17.3758951682709;-115.741115495759;17.3758951682709
370663.622009;16.451985090804;-113.042225486923;16.451985090804
376793.739002;15.58594746137;-110.42540429545;15.58594746137
383025.237225;14.7685497278659;-107.881209006873;14.7685497278659
389359.793345;14.0088167792248;-105.417194861378;14.0088167792248
395799.111756;13.2933865236993;-103.032183594252;13.2933865236993
402344.925039;12.6232541980409;-100.714346109281;12.6232541980409
408998.994431;11.9929595068449;-98.4638489943569;11.9929595068449
415763.110295;11.3954237707221;-96.2758922808082;11.3954237707221
422639.092603;10.8374003142738;-94.1508521632573;10.8374003142738
429628.791428;10.3153448734721;-92.0916065259583;10.3153448734721
436734.087439;9.81997272611504;-90.0833717651458;9.81997272611504
443956.892407;9.35706377303016;-88.1372463724987;9.35706377303016
451299.149722;8.92272449234948;-86.2374641538417;8.92272449234948
458762.834912;8.50832728742971;-84.3915254964082;8.50832728742971
466349.95618;8.11881900225236;-82.5963400669446;8.11881900225236
474062.554939;7.74903315014445;-80.848753180377;7.74903315014445
481902.706361;7.4032787387192;-79.14392197541;7.4032787387192
489872.519943;7.07616675070858;-77.4825472920212;7.07616675070858
497974.140065;6.7666803716518;-75.8678949653238;6.7666803716518
506209.746574;6.47195856070238;-74.2854238737343;6.47195856070238
514581.555365;6.19364060612096;-72.7492260558549;6.19364060612096
523091.818982;5.93108091270972;-71.2465771636433;5.93108091270972
531742.827221;5.67884746579154;-69.7808092214135;5.67884746579154
540536.907749;5.44699597578558;-68.3613643730235;5.44699597578558
549476.426727;5.22046580684701;-66.9633155704928;5.22046580684701
558563.789447;5.0081895653827;-65.602980568878;5.0081895653827
567801.440983;4.8095688537662;-64.2705597978822;4.8095688537662
577191.866844;4.61754132643071;-62.9701715315474;4.61754132643071
586737.593645;4.43662747446965;-61.6996519446499;4.43662747446965
596441.189788;4.26341397919916;-60.4631298695998;4.26341397919916
606305.266151;4.10011826172324;-59.2519101663751;4.10011826172324
616332.476791;3.94406744311958;-58.064300668646;3.94406744311958
626525.51966;3.79643244880881;-56.9061080836831;3.79643244880881
636887.137327;3.65790829792276;-55.7695875911112;3.65790829792276
647420.117719;3.52396924751415;-54.660789495372;3.52396924751415
658127.294872;3.39595844931993;-53.5729631231201;3.39595844931993
669011.549689;3.27357613241111;-52.5081739506791;3.27357613241111
680075.810721;3.16030240433489;-51.4690617678876;3.16030240433489
691323.05495;3.05020605444656;-50.4490895796631;3.05020605444656
702756.308592;2.94725642448075;-49.4499483989545;2.94725642448075
714378.647913;2.84814513227294;-48.4693820004483;2.84814513227294
726193.200053;2.75073882546429;-47.5114772106043;2.75073882546429
738203.14387;2.66238918590153;-46.5715559040291;2.66238918590153
750411.710795;2.57541274342451;-45.6505964470167;2.57541274342451
762822.185702;2.49259396876176;-44.7454878397052;2.49259396876176
775437.907788;2.41534765939174;-43.8593772521598;2.41534765939174
788262.271478;2.33967516495722;-42.9895831122397;2.33967516495722
801298.727331;2.2689824558924;-42.1375481623145;2.2689824558924
814550.782976;2.20218019263315;-41.3006006850975;2.20218019263315
828022.00405;2.13701913051067;-40.4789100107485;2.13701913051067
841716.015158;2.07434614330639;-39.6726700309352;2.07434614330639
855636.500851;2.01449518349402;-38.880777345798;2.01449518349402
869787.206617;1.95834097422157;-38.1047268301396;1.95834097422157
884171.939886;1.90559605474346;-37.3413925466093;1.90559605474346
898794.571057;1.85287176875024;-36.5908176517701;1.85287176875024
913659.034537;1.80229767117573;-35.8542676290816;1.80229767117573
928769.329803;1.75687383303961;-35.1302117877309;1.75687383303961
944129.522475;1.71142424824072;-34.4186426124073;1.71142424824072
959743.745412;1.66849783756242;-33.7212658579634;1.66849783756242
975616.199823;1.62652927236282;-33.0314632602474;1.62652927236282
991751.156397;1.58812410061568;-32.3580952680947;1.58812410061568
1008152.956453;1.55079037617468;-31.6920208408151;1.55079037617468
1024826.013107;1.51269174330467;-31.0388751373727;1.51269174330467
1041774.812461;1.47808724055352;-30.3950241896178;1.47808724055352
1059003.914809;1.44568924799558;-29.7636819197723;1.44568924799558
1076517.955863;1.41199354515237;-29.1393642529469;1.41199354515237
1094321.648003;1.38139530114481;-28.5261330781425;1.38139530114481
1112419.781544;1.35241284621017;-27.9226706655797;1.35241284621017
1130817.226021;1.32424427808736;-27.3293932034698;1.32424427808736
1149518.931505;1.29772709316613;-26.7427104661021;1.29772709316613
1168529.929933;1.27174593211912;-26.16648705162;1.27174593211912
1187855.336458;1.24719321325698;-25.5982414874956;1.24719321325698
1207500.350833;1.22448815551307;-25.0383651554975;1.22448815551307
1227470.258802;1.20297103830795;-24.4877837450532;1.20297103830795
1247770.433528;1.18155224524186;-23.9440502021662;1.18155224524186
1268406.337035;1.16129648100347;-23.4086013508748;1.16129648100347
1289383.521679;1.14024403064112;-22.8788984256144;1.14024403064112
1310707.631645;1.12228197739801;-22.3588125658334;1.12228197739801
1332384.40446;1.10569989666989;-21.8441343622154;1.10569989666989
1354419.672539;1.08824328038574;-21.3380438301345;1.08824328038574
1376819.364757;1.07222511318902;-20.8382086781028;1.07222511318902
1399589.508042;1.05870801073834;-20.3456769616899;1.05870801073834
1422736.228994;1.04416175122316;-19.8582474147839;1.04416175122316
1446265.755538;1.02957963543931;-19.3782224554982;1.02957963543931
1470184.418598;1.0172724871077;-18.9022393504589;1.0172724871077
1494498.653801;1.00614521086491;-18.4338633577632;1.00614521086491
1519215.003205;0.992102957015231;-17.9715973537743;0.992102957015231
1544340.117063;0.97895449480731;-17.5141411538486;0.97895449480731
1569880.755614;0.966195825670567;-17.0624135823477;0.966195825670567
1595843.790897;0.954538159979361;-16.6154874860359;0.954538159979361
1622236.208601;0.942929233426098;-16.1738853418531;0.942929233426098
1649065.109949;0.932344644874227;-15.736684648305;0.932344644874227
1676337.713603;0.920672973627904;-15.3062945602821;0.920672973627904
1704061.357611;0.911250991018215;-14.878278371369;0.911250991018215
1732243.501377;0.901906502324075;-14.456066660754;0.901906502324075
1760891.727673;0.892225100902759;-14.0376294316975;0.892225100902759
1790013.744674;0.882574874622012;-13.6232890149652;0.882574874622012
1819617.388035;0.874013505271041;-13.2120172392764;0.874013505271041
1849710.623;0.867300633129245;-12.807164194233;0.867300633129245
1880301.546543;0.859706596754752;-12.4040111581971;0.859706596754752
1911398.389548;0.852406516328898;-12.0057996810753;0.852406516328898
1943009.519024;0.847157177167185;-11.6106378857705;0.847157177167185
1975143.440352;0.841786595758943;-11.2187337348551;0.841786595758943
2007808.799582;0.836239686350979;-10.8310155343673;0.836239686350979
2041014.38575;0.827146487271275;-10.4447337979315;0.827146487271275
2074769.133248;0.8202089070459;-10.0607791482232;0.8202089070459
2109082.12423;0.813153470110948;-9.68047286044851;0.813153470110948
2143962.591048;0.804974167263161;-9.30219156074524;0.804974167263161
2179419.918744;0.797765046634837;-8.92721840046628;0.797765046634837
2215463.64757;0.792616474857895;-8.55533551958674;0.792616474857895
2252103.475559;0.785709623001911;-8.18705679081725;0.785709623001911
2289349.26113;0.780788916902172;-7.81979673018803;0.780788916902172
2327211.025744;0.776187416379554;-7.45462681683644;0.776187416379554
2365698.956597;0.77194992032416;-7.0935681381078;0.77194992032416
2404823.409367;0.766984934637702;-6.73316820726661;0.766984934637702
2444594.910994;0.762861850048589;-6.37578895423237;0.762861850048589
2485024.162514;0.760643746966063;-6.0202578521618;0.760643746966063
2526122.041941;0.756953531399566;-5.66728510500352;0.756953531399566
2567899.607191;0.755350695365101;-5.31530373636643;0.755350695365101
2610368.099058;0.75277713854784;-4.96574491555154;0.75277713854784
2653538.944241;0.751819970245489;-4.6169494296906;0.751819970245489
2697423.758413;0.751127568993446;-4.27122652457602;0.751127568993446
2742034.349351;0.750224954501512;-3.92595702165972;0.750224954501512
2787382.720113;0.750730296650049;-3.58185286912026;0.750730296650049
2833481.072265;0.751380437298251;-3.23934371746042;0.751380437298251
2880341.809163;0.753981624325899;-2.89892396337483;0.753981624325899
2927977.539297;0.755105046817149;-2.55931475757879;0.755105046817149
2976401.079675;0.758983047164778;-2.22045231871311;0.758983047164778
3025625.459278;0.758181906852863;-1.87951102996749;0.758181906852863
3075663.922562;0.754851464120383;-1.53681361056288;0.754851464120383
3126529.933024;0.753207907200703;-1.19541802723235;0.753207907200703
3178237.17682;0.750923510667754;-0.854992895696151;0.750923510667754
3230799.566456;0.749136569172281;-0.513791535824279;0.749136569172281
3284231.24452;0.747830458858782;-0.173680989839332;0.747830458858782
3338546.587499;0.746759417658557;0.166178796989291;0.746759417658557
3393760.209638;0.746624780530669;0.505075811203649;0.746624780530669
3449886.966875;0.747474074511599;0.844037161544963;0.747474074511599
3506941.960843;0.747443762183356;1.18229333927925;0.747443762183356
3564940.542924;0.749714207514365;1.52084438996347;0.749714207514365
3623898.318388;0.751767974390127;1.8592293232772;0.751767974390127
3683831.150588;0.754890638329227;2.19821056713224;0.754890638329227
3744755.165227;0.758040398315941;2.53691519913823;0.758040398315941
3806686.754701;0.763043981123368;2.87606545111448;0.763043981123368
3869642.582503;0.768065263525246;3.21503664194276;0.768065263525246
3933639.587715;0.773372678572187;3.55529588775896;0.773372678572187
3998694.98956;0.781520650389701;3.89496486432806;0.781520650389701
4064826.292033;0.782376038577806;4.24311879243177;0.782376038577806
4132051.288619;0.784464794547904;4.59277720127915;0.784464794547904
4200388.067073;0.787298754765741;4.941861919548;0.787298754765741
4269855.014288;0.791342034512001;5.29320308114396;0.791342034512001
4340470.821247;0.795629470883893;5.64461480441986;0.795629470883893
4412254.488045;0.80247922696953;5.9980049622583;0.80247922696953
4485225.329007;0.808588906084374;6.35191109701474;0.808588906084374
4559402.977883;0.817255329505563;6.70721973967513;0.817255329505563
4634807.393128;0.827315907992942;7.06458878843023;0.827315907992942
4711458.863275;0.839309109773073;7.4240451452461;0.839309109773073
4789378.012396;0.853245421126796;7.78464635881917;0.853245421126796
4868585.805645;0.87182181287346;8.14652491361807;0.87182181287346
4949103.554904;0.894659151802142;8.50924912676612;0.894659151802142
5030952.924515;0.919947258256637;8.87611510461769;0.919947258256637
5114155.937111;0.94838989594171;9.24896368131864;0.94838989594171
5198734.979538;0.985422520040276;9.61887061360265;0.985422520040276
5284712.808882;1.03131191650808;9.98200111804476;1.03131191650808
5372112.558592;1.0824937945721;10.3307348842561;1.0824937945721
5460957.744699;1.13391852809853;10.6607797103071;1.13391852809853
5551272.272152;1.1740708867805;10.9676663077489;1.1740708867805
5643080.441243;1.18549680531551;11.2586777761982;1.18549680531551
5736406.954147;1.1614612813237;11.5550293447623;1.1614612813237
5831276.921571;1.11188524634444;11.8750001379729;1.11188524634444
5927715.869507;1.05381444850616;12.2236546871382;1.05381444850616
6025749.746101;1.00061455737024;12.5997213592148;1.00061455737024
6125404.928637;0.953977462685989;13.0004967421014;0.953977462685989
6226708.230631;0.91688701453735;13.4113332467211;0.91688701453735
6329686.909048;0.889033381659155;13.8265391572369;0.889033381659155
6434368.671633;0.868323203427118;14.244808205542;0.868323203427118
6540781.684368;0.852201978015723;14.6638046903189;0.852201978015723
6648954.579054;0.840769463337162;15.0854171876326;0.840769463337162
6758916.461005;0.829861258801008;15.5085793238964;0.829861258801008
6870696.91689;0.820861253239861;15.9320825905287;0.820861253239861
6984326.022686;0.814180570482252;16.3564194915795;0.814180570482252
7099834.351775;0.804531995774766;16.7930495034583;0.804531995774766
7217252.983168;0.793752195965555;17.2356044889693;0.793752195965555
7336613.509866;0.785574244173693;17.6807631529794;0.785574244173693
7457948.047364;0.7766068675276;18.1273829625908;0.7766068675276
7581289.242289;0.762864685565233;18.5780997676528;0.762864685565233
7706670.281186;0.747127546999877;19.0314675714662;0.747127546999877
7834124.899446;0.731998926183222;19.4931201711858;0.731998926183222
7963687.390382;0.711081430363534;19.9655069350786;0.711081430363534
8095392.61446;0.70035393379856;20.4521008872261;0.70035393379856
8229276.008675;0.689020550226685;20.9438103177953;0.689020550226685
8365373.596085;0.679468957929213;21.4437509061515;0.679468957929213
8503721.995509;0.671572330878727;21.9435813737257;0.671572330878727
8644358.431372;0.660296059592686;22.4515486982097;0.660296059592686
8787320.743729;0.654618241589471;22.9710967770383;0.654618241589471
8932647.398439;0.654903651304748;23.4931597107704;0.654903651304748
9080377.497519;0.668223552989328;24.0239954143195;0.668223552989328
9230550.789663;0.677205197011114;24.5619212486438;0.677205197011114
9383207.68094;0.691313709412275;25.0986646051998;0.691313709412275
9538389.245661;0.71177370676968;25.6376192947732;0.71177370676968
9696137.237434;0.709430383483098;26.1796606221363;0.709430383483098
9856494.100398;0.726911646358879;26.725882249126;0.726911646358879
10019502.980642;0.738935425720758;27.2828450934534;0.738935425720758
10185207.737814;0.747349032851241;27.8527598762848;0.747349032851241
10353652.956923;0.75187375531776;28.4341950859443;0.75187375531776
10524883.960335;0.757944449170815;29.0174934908406;0.757944449170815
10698946.819968;0.765796861500637;29.6056372551558;0.765796861500637
10875888.369686;0.780472826641281;30.2029644139453;0.780472826641281
11055756.217902;0.795160927146685;30.8029125743408;0.795160927146685
11238598.76039;0.815420164404406;31.4172576583512;0.815420164404406
11424465.1933;0.841010773177408;32.0309516121564;0.841010773177408
11613405.526401;0.857314737857547;32.651578637231;0.857314737857547
11805470.596536;0.863350818432855;33.2680569090618;0.863350818432855
12000712.081296;0.889534624513074;33.9000109637517;0.889534624513074
12199182.512929;0.901404032081761;34.548673001435;0.901404032081761
12400935.292474;0.913262438181947;35.1973119633568;0.913262438181947
12606024.704126;0.922519747060679;35.8494226596161;0.922519747060679
12814505.929845;0.926892389532187;36.5049824970214;0.926892389532187
13026435.064202;0.930518971692043;37.171617071939;0.930518971692043
13241869.129475;0.9344648686373;37.8459220460128;0.9344648686373
13460866.090985;0.926465802023032;38.520895699667;0.926465802023032
13683484.872699;0.9238925290158;39.2167358887392;0.9238925290158
13909785.37308;0.906577739699589;39.901246746818;0.906577739699589
14139828.481208;0.890149508102627;40.6043243410252;0.890149508102627
14373676.093156;0.866470479954595;41.327322343854;0.866470479954595
14611391.128651;0.820048251670517;42.0647840846241;0.820048251670517
14853037.547998;0.788298624173823;42.8440437514616;0.788298624173823
15098680.369295;0.75354448691891;43.6653002404262;0.75354448691891
15348385.685921;0.779112711770539;44.4974178691149;0.779112711770539
15602220.684321;0.807685239180225;45.2999356603783;0.807685239180225
15860253.662088;0.817240697094409;46.092928691544;0.817240697094409
16122554.046332;0.80845201504299;46.904640357926;0.80845201504299
16389192.412367;0.816446889291891;47.7488442828457;0.816446889291891
16660240.502694;0.824478863187616;48.6009178280492;0.824478863187616
16935771.246311;0.850947185194207;49.4437964458612;0.850947185194207
17215858.778328;0.873719569126657;50.3025386489894;0.873719569126657
17500578.459921;0.88459163517131;51.1640312125325;0.88459163517131
17790006.898604;0.903279759444748;52.0349411300011;0.903279759444748
18084221.968844;0.915773678724048;52.9065898530042;0.915773678724048
18383302.833013;0.923125391167614;53.7846225503973;0.923125391167614
18687329.962686;0.915949275053279;54.669299107921;0.915949275053279
18996385.160298;0.899713172087019;55.5535557122168;0.899713172087019
19310551.581149;0.89038285601957;56.4532518291854;0.89038285601957
19629913.755779;0.852332833987898;57.3469959654409;0.852332833987898
19954557.612714;0.788438991471713;58.2341105010443;0.788438991471713
20284570.501584;0.742478221205504;59.174503601554;0.742478221205504
20620041.216628;0.656494367683504;60.1219649720732;0.656494367683504
20961060.020582;0.586707913726354;61.1279031560332;0.586707913726354
21307718.668969;0.588830236714528;62.153438117952;0.588830236714528
21660110.434783;0.631685937193737;63.154178959711;0.631685937193737
22018330.133589;0.653124431483793;64.0839300738026;0.653124431483793
22382474.149032;0.663292563808654;64.985001016232;0.663292563808654
22752640.458772;0.615966619809316;65.8557304416933;0.615966619809316
23128928.660844;0.56128725400815;66.7216114672449;0.56128725400815
23511440.000458;0.455744515886283;67.530040185269;0.455744515886283
23900277.397239;0.358679230315909;68.3879249384181;0.358679230315909
24295545.472921;0.25848030215869;69.2314323859169;0.25848030215869
24697350.579495;-0.0379683654710882;69.8686665096374;-0.0379683654710882
25105800.827822;-0.342592105581377;70.66641154893;-0.342592105581377
25521006.116729;-0.880836355238286;71.3362372764261;-0.880836355238286
25943078.16257;-1.77577529503391;72.1267016290101;-1.77577529503391
26372130.529292;-2.74021484656118;73.3370169481409;-2.74021484656118
26808278.658985;-3.58432709805777;74.5068729094793;-3.58432709805777
27251639.902948;-4.24571953916326;75.8319002261658;-4.24571953916326
27702333.553259;-5.71677032872695;76.9893556217302;-5.71677032872695
28160480.874878;-8.99066653941568;80.1903332937048;-8.99066653941568
28626205.13827;-9.4639109986357;81.7776258294808;-9.4639109986357
29099631.652575;-10.256947727463;86.953974873621;-10.256947727463
29580887.799322;-9.59861385416778;89.9274272919328;-9.59861385416778
30070103.066704;-8.7894810169344;91.4635731609115;-8.7894810169344
30567409.084421;-8.73250228488467;92.0896178609476;-8.73250228488467
31072939.65909;-9.28257095237674;92.8240282238853;-9.28257095237674
31586830.810255;-9.91948046874654;93.4859314473343;-9.91948046874654
32109220.80698;-11.4027559969889;94.7883909986088;-11.4027559969889
32640250.205053;-12.7189796061634;96.8592914277543;-12.7189796061634
33180061.884804;-13.5668291414873;98.590418013849;-13.5668291414873
33728801.089553;-15.590679385386;100.638091264283;-15.590679385386
34286615.464681;-18.2471056056218;103.955674320423;-18.2471056056218
34853655.097365;-19.1820288199921;107.760073601747;-19.1820288199921
35430072.556955;-19.5801364574467;112.647563331219;-19.5801364574467
36016022.936028;-19.207151790663;116.277618306304;-19.207151790663
36611663.892116;-17.5540427473858;117.555591941334;-17.5540427473858
37217155.690124;-18.1569483954389;118.550505163275;-18.1569483954389
37832661.245457;-19.3662441137917;119.608911410165;-19.3662441137917
38458346.167849;-20.4264799841301;122.255560211232;-20.4264799841301
39094378.805923;-21.1453025174799;123.826467106125;-21.1453025174799
39740930.292493;-21.9108162274063;124.706964594761;-21.9108162274063
40398174.590601;-22.2761774493349;126.64400104255;-22.2761774493349
41066288.54033;-23.3723092847854;126.336091541335;-23.3723092847854
41745451.906384;-25.3898936281956;125.523873628424;-25.3898936281956
42435847.426456;-28.2325876179814;125.451904410823;-28.2325876179814
43137660.860392;-32.4582604279509;125.332554099317;-32.4582604279509
43851081.04018;-38.3823055516057;125.272287378887;-38.3823055516057
44576299.92075;-46.5030170950582;125.281699234776;-46.5030170950582
45313512.631626;-56.7882872231034;130.723688823689;-56.7882872231034
46062917.529427;-63.6333537515628;134.086874945781;-63.6333537515628
46824716.251239;-76.1486050341614;139.220693452881;-76.1486050341614
47599113.768864;-83.924288932371;148.777511984071;-83.924288932371
48386318.443977;-89.2043323990508;153.911842959106;-89.2043323990508
49186542.08418;-98.2773033185384;154.980256908287;-98.2773033185384
50000000;-118.79918229093;145.744827614825;-118.79918229093

